{"train_loss": 2.3060216903686523, "_timestamp": 1677670397.506538, "_runtime": 6.643517017364502, "_step": 0}