{"train_loss": 1.773967981338501, "_timestamp": 1677670346.274379, "_runtime": 80.96952390670776, "_step": 3, "val_loss": 1.6096388778444064, "accuracy": 41.346666666666664, "_wandb": {"runtime": 80}}