{"train_loss": 1.773967981338501, "_timestamp": 1677670140.9820411, "_runtime": 78.63503122329712, "_step": 3, "val_loss": 1.6096388778444064, "accuracy": 41.346666666666664, "_wandb": {"runtime": 78}}